,id,label,keyword,date,content,time,forward,comment,like,predict,__label__positive,__label__negative,__label__neutral,predict_score,topic,topic_keyword,topic_keyword_en
0,1,__label__positive,新冠,2020-03-03,足球 运动员 朴柱昊 超话 的 妻子 安娜 公开 了 eden 朴娜 恩 超话 aciel 朴建厚 超话 第三个 孩子 的 照片 另外 还 告知 了 因为 韩国 新冠 肺炎 状况 严峻 推迟 了 回国 时间 的 消息 二日 安娜 通过 ins 写道 等待 像 这样 能够 重新 在 外面 玩 的 好日子 同时 公开 了 照片 和 视频 公开的 照片 中 建厚 和 娜 恩 在 某 咖啡店 享受 悠 展开 ​ ,2020-03-03 22:59:00,0,0,0,__label__positive,0.96887,0.02443,0.0223,0.96887,4.0,"美国, 病毒, 武汉, 疫苗, 零","United States, virus, Wuhan, vaccine, zero"
1,3,__label__positive,新冠,2020-03-03,🙏 切忌 八十四 消毒液 和洁 厕灵 同时 使用 会 造成 高氯 性气体 导致 肺部 腐蚀性 损伤 产生 与 新冠 类似 的 症状 和 体征 严重 时会 危及 生命,2020-03-03 19:07:00,0,0,1,__label__negative,0.0063,0.97559,0.03411,0.97559,2.0,"伊朗, 二月, 隔离, 医院, 感染","Iran, February, isolation, hospital, infection"
2,7,__label__positive,新冠,2020-03-03, 大广赛  大广赛 二千 零 二十 中国 大学生 好 创意 为 中国 加油 武汉 加油 作品 同心 战疫 作者 梅雪婷 学校 河北 艺术 职业 学院 指导老师 安丽梅 类别 平面 类 简介 疫情 当下 全国 人民 齐心协力 抗击 新冠 我们 如同 中国 结 的 绳子 在 这场 抗疫 中 紧紧 相连 谁 都 不松手 也 提 ​ ,2020-03-03 22:59:00,0,0,5,__label__negative,0.5078199999999999,0.6002,0.00592,0.6002,1.0,"病人, 隔离, 生活, 说, 病例","patient, isolation, life, Say, Case"
3,8,__label__negative,新冠,2020-03-03,家人 有 慢性病 深表 理解 张 主任 说得对 除了 新冠 病人 其他 病人 也 是 病人 他们 也 会 生病 死亡 的 不能 让 整个 社会 停摆 现在 除 湖北 外 其他 地方 要 恢复正常 生活 让 其他 病人 其他人 得到 良好的 医疗 正常的 生,2020-03-03 16:15:00,0,0,0,__label__positive,0.98202,0.02097,0.00095,0.98202,1.0,"病人, 隔离, 生活, 说, 病例","patient, isolation, life, Say, Case"
4,18,__label__negative,新冠,2020-03-03,十九 分钟 五十秒 看到 了 透露 李文亮 的 领导 重症 吃 了 中药 立竿见影 但是 今天 他 的 领导 去世 了 梅仲明 医生 因新冠 肺炎 去世 李文亮 同 科室 同事 因新冠 肺炎 去世 从 该 节目 十九 分钟 开始 看 能够 看到 一个 以前 没有 透露 过 的 信息,2020-02-25 13:52:00,0,1,0,__label__negative,1e-05,0.9988,0.00434,0.9988,1.0,"病人, 隔离, 生活, 说, 病例","patient, isolation, life, Say, Case"
5,30,__label__negative,新冠,2020-03-03,外媒 苹果 短期内 无法 摆脱 对 中国 电子 产业链 的 依赖 近期 的 新冠 病毒 疫情 让 人 担忧 起 iphone 十二 还 能 不能 如期完成 试产 研发 外媒则 回顾 了 一些 苹果 在 印度 建立 iphone 十一 生产线 但 最终 失败的 案例 得出 一个 结果 苹果 仍旧 比较 依赖 中国 供应链 而且 这种 依赖 在短期内 不太可能 改变 o 外媒 苹果 短期内 无法 摆脱 对 中国 电子 产业链 的 依赖 ​ ​ ,2020-03-03 22:59:00,0,0,0,__label__positive,0.39982,0.08271,0.12941,0.39982,3.0,"确诊, 病例, 累计, 三日, 新增","Confirmed diagnosis, Case, Grand total, Three days, New"
6,43,__label__neutral,新冠,2020-03-03,和 枪击 死伤 比 现在 还是 轻微 的 美国 每年 枪击 死伤 好几万 呢 死的 都 是 垃圾 人口 美国 资本家 觉得 无所谓 劳动力 嘛 可以 靠 移民 解决 但 新冠 可能 会 长期 在 美国 流行 死的 人数 可能 比 移民 还 多 也许 到时候 大家 都 有 了 免疫力,2020-03-03 22:45:00,0,0,0,__label__neutral,0.00299,0.00886,0.99891,0.99891,4.0,"美国, 病毒, 武汉, 疫苗, 零","United States, virus, Wuhan, vaccine, zero"
7,44,__label__positive,新冠,2020-03-03,战 疫情 山西大同 又 一新 冠 肺炎 康复者 主动 捐献 抗疫 血浆 o,2020-03-03 22:59:00,0,0,0,__label__positive,0.99955,1e-05,1e-05,0.99955,0.0,"病毒, 美国, 日本, 三月, 花岗岩","virus, United States, Japan, March, granite"
8,52,__label__neutral,新冠,2020-03-03,胡 老师 二千 零一 十九年 美国 的 流感 个案 和 死亡 数字 比 对 现在 新冠 肺炎 的 个案 和 死亡 数字 是 牛腿 蚊腿 之别 美国 人 很 明显 是 掉以轻心 特朗普 的 防疫 工程 指示 亦 未 见 积极 由此可见 美国 人 把 政治 凌驾 一切 希望 美国 超级 星期二 不会 成为 超级 传播 易,2020-03-03 22:47:00,0,0,1,__label__neutral,0.12593,0.00299,0.93441,0.93441,2.0,"伊朗, 二月, 隔离, 医院, 感染","Iran, February, isolation, hospital, infection"
9,53,__label__neutral,新冠,2020-03-03,谣传 花岗岩 可以 防病毒 日本 二手 平台 卖出 天价 石头 据 日媒 报道 新冠 疫情 爆发 以来 网上 流传 着 花岗岩 可以 杀菌 预防 新冠 肺炎 的 谣言 导致 花岗岩 在 日本 二手交易 平台 上 热销 一块 石头 最高 售价 达到 一万二千 日元 约合 人民币 七 百八十 元 但 实际上 这种 说法 毫无 科学依据,2020-03-03 22:59:00,0,0,0,__label__neutral,0.01407,0.00942,0.99479,0.99479,0.0,"病毒, 美国, 日本, 三月, 花岗岩","virus, United States, Japan, March, granite"
10,68,__label__positive,新冠,2020-03-03,张 主任 说得对 除了 新冠 病人 其他 病人 也 是 病人 他们 也 会 生病 死亡 的 不能 让 整个 社会 停摆 现在 除 湖北 外 其他 地方 要 恢复正常 生活 让 其他 病人 其他人 得到 良好的 医疗 正常的 生活,2020-03-03 16:15:00,0,0,0,__label__positive,0.80808,0.15204,0.0005099999999999999,0.80808,1.0,"病人, 隔离, 生活, 说, 病例","patient, isolation, life, Say, Case"
11,71,__label__neutral,新冠,2020-03-03,恐怖 大妈 故意 拉 下 口罩 朝 店员 吐口 水 播毒 新冠 肺炎 疫情 方兴未艾 一般 人 稍微 咳嗽 都 会 被 另眼相看 但 香港 网路 流传 一段 影片 一名 中年 女子 在 商店 购物 不知 何故 疑似 心情 不爽 竟拉下 口罩 朝 身旁 店员 吐口 水 吓 得 店员 立刻 弹开 香港 网友 怒斥 该名 大妈 根本 是 在 播毒 非常 时期 故意 吐口 水 ​ ,2020-03-03 22:59:00,0,1,2,__label__negative,0.01244,0.92631,0.08271,0.92631,0.0,"病毒, 美国, 日本, 三月, 花岗岩","virus, United States, Japan, March, granite"
12,77,__label__positive,新冠,2020-03-03,巴彦淖尔 老年大学 为 抗击 疫情 捐款 十三 九 万元 三月 三日 上午 巴彦淖尔 老年大学 副校长 何涛 一行 代表 全体师生 将 募集 到 的 十 三万九千 二百元 抗击 疫情 爱心 款 送到 了 市 红十字会 新冠 肺炎 疫情 发生 以来 疫情 防控 工作 牵动 着 巴彦淖尔 老年大学 全体 学员 们 的 心 为了 更好 地为 疫情 防控 提供 保障 坚决 打赢 新冠 肺炎 疫情 防控 这场 硬 ​ ,2020-03-03 22:59:00,0,0,0,__label__positive,0.99332,0.00339,0.00272,0.99332,2.0,"伊朗, 二月, 隔离, 医院, 感染","Iran, February, isolation, hospital, infection"
13,80,__label__negative,新冠,2020-03-03,武汉市 中心医院 另一名 医生 介绍 梅仲明 医生 是 在 抗击 新冠 肺炎 的 战役 中 倒下 这 是 该 医院 第三位 殉职 的 医生 他 和 李文亮 一组 感染 也 是 前后 不久,2020-03-03 14:33:00,2,0,0,__label__negative,0.08757000000000001,0.96791,0.00036,0.96791,4.0,"美国, 病毒, 武汉, 疫苗, 零","United States, virus, Wuhan, vaccine, zero"
14,82,__label__neutral,新冠,2020-03-03,本来 跟 大人 呆久 了 也 觉得 新冠 肺炎 是 美国 的 阴谋 但是 现在 看起来 疑点 多多 啊 既然 是 真 对 黄种人 基因 创造的 病毒 那 伊朗 和 意大利 又 是 怎么回事,2020-03-03 22:58:00,0,2,0,__label__neutral,0.00114,0.00256,0.99921,0.99921,4.0,"美国, 病毒, 武汉, 疫苗, 零","United States, virus, Wuhan, vaccine, zero"
15,86,__label__negative,新冠,2020-03-03,坚决 打赢 疫情 防控 阻击战 你 看 这 医 家 三口 请 为 他们 点赞 一场 突如其来的 新冠 肺炎 疫情 让 太多人 放弃 了 本应 快乐 团圆 的 春节假期 奔赴 到 疫情 防控 一线 去 战斗 这 其中 不少 都 是 夫妻 或 兄弟 甚至 是 全家人 一起 冲锋在前 在 哈尔滨 新区 平房 片区 有 这么 一家人 全家 三口 都 是 医生 父 ​ ,2020-03-03 22:58:00,0,0,2,__label__negative,0.00914,0.97405,0.00942,0.97405,0.0,"病毒, 美国, 日本, 三月, 花岗岩","virus, United States, Japan, March, granite"
16,88,__label__positive,新冠,2020-03-03,战胜 新型 冠状病毒 三月 二日 全区 新冠 肺炎 疫情 情况 o,2020-03-03 22:58:00,0,0,0,__label__positive,0.99391,0.00098,0.01323,0.99391,0.0,"病毒, 美国, 日本, 三月, 花岗岩","virus, United States, Japan, March, granite"
17,91,__label__negative,新冠,2020-03-03,受新冠 肺炎 疫情 影响 全球 规模 体量 最大 的 引发 剂 供应商 位于 意大利 伦巴第 大区 的 igm 艾坚 蒙 公司 已经 开始 停工 行业龙头 企业 igm 公司 的 停工 停产 无疑 给 我国 光 引发 剂 市场 带来 扩张 机遇 业内 预计 随着 下游 应用领域 的 增量 以及 环保 替代 预计 我国 光 引发 剂 市场 规模 将 保持高速 增长 强力 新材 主营 光刻 ​ ,2020-03-03 22:58:00,0,1,1,__label__negative,0.26285,0.55448,0.01856,0.55448,1.0,"病人, 隔离, 生活, 说, 病例","patient, isolation, life, Say, Case"
18,96,__label__neutral,新冠,2020-03-03,鸡蛋 不能 都 放在 一个 篮子 里 特朗普 总统 也 忒 胆大 了 大型 集会 万一 里面 混着 一两个 新冠 肺炎 感染者 导致 疫情 聚集 性 暴发 一旦 被 媒体 揭 出来 这 接下来 的 竞选 还 怎么 搞 美国 的 政治家 们 真的 是 在 玩 赌博 啊 而且 他们 是 在 拿 民众 的 健康 赌博,2020-03-03 22:47:00,0,0,0,__label__neutral,0.00079,0.58511,0.6370399999999999,0.6370399999999999,3.0,"确诊, 病例, 累计, 三日, 新增","Confirmed diagnosis, Case, Grand total, Three days, New"
19,98,__label__neutral,新冠,2020-03-03,特朗普 要求 几个 月 内 开发 出新 冠 疫苗 刚 参加 工作 那会儿 我 住 在 城里 舅舅家 舅妈 是 个 十分 节俭的 人 比如 牙膏 她 会 挤 到 像 纸 一样 平平整整 才 会 丢掉 买 新 的 她 时常 对 我 说 勤俭节约 是 美德 一天 中午 我 去 她 的 单位 找 她 一起 回去 我见 她 办公室 空调 还 没关 正要 去 关时 她 笑 着 对 我 说 不用 关 了 ​ ,2020-03-03 22:58:00,0,0,0,__label__negative,0.00713,0.7982,0.11921,0.7982,1.0,"病人, 隔离, 生活, 说, 病例","patient, isolation, life, Say, Case"
20,105,__label__negative,新冠,2020-03-03,救救 他 求助 ❗ 非新冠 肺炎 求助者 武汉 本地 的 三岁 小男孩 确诊 为 横纹肌 肉瘤,2020-03-03 14:43:00,0,0,0,__label__negative,1e-05,1.00001,0.00074,1.00001,4.0,"美国, 病毒, 武汉, 疫苗, 零","United States, virus, Wuhan, vaccine, zero"
21,111,__label__negative,新冠,2020-03-03,才 三岁 救救 他 求助 ❗ 非新冠 肺炎 求助者 武汉 本地 的 三岁 小男孩 确诊 为 横纹肌 肉瘤,2020-03-03 14:43:00,0,0,0,__label__negative,1e-05,1.00001,0.00111,1.00001,4.0,"美国, 病毒, 武汉, 疫苗, 零","United States, virus, Wuhan, vaccine, zero"
22,118,__label__negative,新冠,2020-03-03,特朗普 要求 几个 月 内 开发 出新 冠 疫苗 客卧 为 书房 位置 改动 过来 的 素雅 的 条纹 壁纸 搭配 藏蓝色 窗帘 让 整个 房间 显得 沉静 私密性 很强,2020-03-03 22:58:00,0,0,0,__label__negative,0.00206,0.90193,0.19684,0.90193,2.0,"伊朗, 二月, 隔离, 医院, 感染","Iran, February, isolation, hospital, infection"
23,129,__label__neutral,新冠,2020-03-03,神农架 发生 野猪 非洲 猪瘟 疫情 难道 都 猪 和 鸡 都 感染 新冠 病毒 了,2020-03-03 22:58:00,0,0,0,__label__neutral,0.00592,0.00111,0.99921,0.99921,0.0,"病毒, 美国, 日本, 三月, 花岗岩","virus, United States, Japan, March, granite"
24,132,__label__positive,新冠,2020-03-03,北京 疾控 向 海外华人 发出 五项 防控 建议 本刊 记者 邢 宝华 三月 三日 北京市 举行 新冠 肺炎 疫情 防控 工作 第三十九 场 新闻 发布会 发布会 由 北京市委 宣传部 副部长 市政府 新闻办 主任 徐和建 主持 北京市 疾病 预防 控制中心 北京 全球 健康 中心 办公室 主任 研究员 杨鹏 表示 截至 三月 二日 已有 六十四个 国家 出现 确诊 病例 ​ ,2020-03-03 22:58:00,1,0,1,__label__negative,0.21208,0.8634,0.00448,0.8634,2.0,"伊朗, 二月, 隔离, 医院, 感染","Iran, February, isolation, hospital, infection"
25,136,__label__negative,新冠,2020-03-03,新冠 肺炎 激素 使用 之争 有 非典 前车之鉴 该不该 再用 面对 新冠 肺炎 这一 人类 从未 经历 过 的 全新 疾病 糖皮质 激素类 药物 的 使用 正在 临床实践 中 引发 争议 o,2020-03-03 22:58:00,0,0,0,__label__negative,0.02519,0.91965,0.02443,0.91965,4.0,"美国, 病毒, 武汉, 疫苗, 零","United States, virus, Wuhan, vaccine, zero"
26,138,__label__negative,新冠,2020-03-03,拙作 在 公益 拍卖 中以 一万九千 的 价格 落槌 感谢 藏家 慧眼 与 善心 所得 款项 全部 用于 武汉 抗击 新冠 肺炎,2020-03-03 22:58:00,4,20,124,__label__positive,0.47659,0.40734,0.00256,0.47659,0.0,"病毒, 美国, 日本, 三月, 花岗岩","virus, United States, Japan, March, granite"
27,140,__label__negative,新冠,2020-03-03,如果 真是 新冠 疫苗 这么 干太 冒险 了 这些 人 都 是 不可多得 的 国家 财富 要试 让 我们 这些 普通人 上 我 报名,2020-03-03 21:48:00,0,0,0,__label__negative,0.03623,0.1733,0.10376,0.1733,1.0,"病人, 隔离, 生活, 说, 病例","patient, isolation, life, Say, Case"
28,144,__label__positive,新冠,2020-03-03,张 主任 说得对 除了 新冠 病人 其他 病人 也 是 病人 他们 也 会 生病 死亡 的 不能 让 整个 社会 停摆 现在 除 湖北 外 其他 地方 要 恢复正常 生活 让 其他 病人 其他人 得到 良好的 医疗 正常的 生活,2020-03-03 16:15:00,0,0,0,__label__positive,0.80808,0.15204,0.0005099999999999999,0.80808,1.0,"病人, 隔离, 生活, 说, 病例","patient, isolation, life, Say, Case"
29,156,__label__negative,新冠,2020-03-03,足球 名宿 徐根宝 还 在 盘球 可 你 知道 吗 老爷子 已经 七十五岁 了 上海 传出 消息 徐根宝 年前 带领 u 十三 队 在 完成 法国 集训 拉练 回国 后 面对 突如其来的 新冠 肺炎 疫情 他 决定 球员 教练 和 工作人员 全部 留在 崇明 根宝 足球 基地 继续 封闭 集训 这支 球队 是 针对 二千 零 二十八年 奥运会 和 二千 零 三十年 世界杯 打造 的 国家 青 ​ ,2020-03-03 22:57:00,0,0,2,__label__neutral,0.09536,0.09536,0.55448,0.55448,1.0,"病人, 隔离, 生活, 说, 病例","patient, isolation, life, Say, Case"
30,159,__label__neutral,新冠,2020-03-03, 疫苗 新型 冠状病毒 我 觉得 这新冠 疫苗 上 人体 试验 的 截图 很 有 可能 是 真的 但 官方 不会 报道 因为 动物 实验 很 可能 还 没做 完 在 目前 紧张的 局势 下 疫苗 的 人体 试验 和 动物 试验 同步 开展 这种 可能性 无法 排除,2020-03-03 22:18:00,0,0,0,__label__positive,0.43016,0.3346,0.19684,0.43016,4.0,"美国, 病毒, 武汉, 疫苗, 零","United States, virus, Wuhan, vaccine, zero"
31,160,__label__negative,新冠,2020-03-03,二千 零 二十年 二月 浙江 好人 公示 林子 根 张 丹丹 等 入选 自新冠 肺炎 疫情 防控 阻击战 打响 以来 全省 各级 各 部门 坚决贯彻 习近平 总书记 重要 指示精神 认真落实 中央 决策 部署 和 省委 工作 安排 万众一心 众志成城 以 疫情 为 命令 不畏 危险 连续作战 在 第一 时间 开展 疫情 防治 处置 信息 摸排 追踪 物资供应 ​ ,2020-03-03 22:57:00,0,0,2,__label__positive,0.97839,0.01283,0.00713,0.97839,3.0,"确诊, 病例, 累计, 三日, 新增","Confirmed diagnosis, Case, Grand total, Three days, New"
32,161,__label__negative,新冠,2020-03-03,一百个 让 你 相见恨晚 的 旅行 地 把 这个 清单 收藏 起来 开始 努力 攒钱 吧 因新冠 肺炎 期间 不建议 出门 旅游,2020-03-03 22:57:00,0,1,0,__label__negative,1e-05,0.99932,0.0067,0.99932,1.0,"病人, 隔离, 生活, 说, 病例","patient, isolation, life, Say, Case"
33,169,__label__negative,新冠,2020-03-03,国际奥委会 全力支持 东京 奥运会 举办 鼓励 所有 运动员 继续 做 准备 当地 时间 三日 国际奥委会 在 瑞士 洛桑 召开 执行 委员会 会上 听取 了 有关 新冠 病毒 情况 的 报告 执委会 表示 将 全力支持 东京 奥运会 在 今年 七月 二十四日 至 八月 九日 期间 举办 据 了解 国际奥委会 东京 奥组委 东京 日本政府 及 世卫 组织 于 二月 中旬 成立 ​ ,2020-03-03 22:57:00,0,0,0,__label__negative,0.00233,0.90193,0.16028,0.90193,2.0,"伊朗, 二月, 隔离, 医院, 感染","Iran, February, isolation, hospital, infection"
34,171,__label__positive,新冠,2020-03-03,慧眼 财经 谭浩俊 以 高效 的 复工 复产 推动 pmi 快速 回升 慧眼 财经 国家统计局 服务业 调查 中心 和 中国 物流 与 采购 联合会 近日 发布 中国 采购 经理 指数 pmi 显示 二月份 受新冠 肺炎 疫情 影响 制造业 pmi 为 三十五 七 比上 月 下降 十四 三个 百分点 其中 大 中 小型企业 pmi 分别 为 三十六 三 三十五 五 和 三十四 一 比上 月 下 ​ ,2020-03-03 22:57:00,0,0,2,__label__neutral,0.19194,0.11921,0.21208,0.21208,3.0,"确诊, 病例, 累计, 三日, 新增","Confirmed diagnosis, Case, Grand total, Three days, New"
35,179,__label__negative,新冠,2020-03-03,你们 一直 要 的 新冠 肺炎 考点 转发 五次 后 每 晚十点 凭 转发 截图 来 拿 常识 组 最新 研发 成果 七日 内 有效 还 不赶紧 转,2020-02-27 19:00:00,0,0,0,__label__negative,0.00048,0.8962600000000001,0.16028,0.8962600000000001,0.0,"病毒, 美国, 日本, 三月, 花岗岩","virus, United States, Japan, March, granite"
36,185,__label__neutral,新冠,2020-03-03,腾讯 新闻 澳大利亚 现 首例 新冠 肺炎 死亡 病例 死者 曾 搭乘 过 钻石 公主 号 邮轮 o,2020-03-03 22:57:00,0,0,0,__label__neutral,0.00122,0.0005,1.00001,1.00001,3.0,"确诊, 病例, 累计, 三日, 新增","Confirmed diagnosis, Case, Grand total, Three days, New"
37,186,__label__positive,新冠,2020-03-03,鲸 视频 单户 免租 最高 二十五 万元 云南 丽江 这拨 操作 够 硬核 云南 丽江 是 著名 的 旅游胜地 疫情 发生 以来 丽江 古城区 众多 经营户 关门 停业 导致 租户 出现 亏损 情况 为 减少 租户 损失 让 辖区 门店 尽快恢复 营业 大研 街道 办事处 向 辖区 所有 房东 及 业主 发出 了 减免 房租 的 倡议 倡议 发出 后 也 得到 了 很多 房东 业主 的 ​ ,2020-03-03 22:57:00,5,10,42,__label__negative,0.02932,0.93441,0.02597,0.93441,2.0,"伊朗, 二月, 隔离, 医院, 感染","Iran, February, isolation, hospital, infection"
38,188,__label__positive,新冠,2020-03-03,埃及 文物古迹 披 中国 红 声援 抗疫 当地 时间 三月 一日 埃及 开罗 萨拉丁 城堡 阿斯旺 菲莱 神庙 等 多处 地标 文物古迹 通过 灯光 秀 的 形式 披上 了 鲜艳 的 五星红旗 以 表达 对 中国 抗击 新冠 肺炎 疫情 努力的 支持,2020-03-03 22:57:00,2,1,7,__label__positive,0.39235,0.35578000000000004,0.00462,0.39235,3.0,"确诊, 病例, 累计, 三日, 新增","Confirmed diagnosis, Case, Grand total, Three days, New"
39,190,__label__positive,新冠,2020-03-03,张 主任 说得对 除了 新冠 病人 其他 病人 也 是 病人 他们 也 会 生病 死亡 的 不能 让 整个 社会 停摆 现在 除 湖北 外 其他 地方 要 恢复正常 生活 让 其他 病人 其他人 得到 良好的 医疗 正常的 生活,2020-03-03 16:15:00,0,0,0,__label__positive,0.80808,0.15204,0.0005099999999999999,0.80808,1.0,"病人, 隔离, 生活, 说, 病例","patient, isolation, life, Say, Case"
40,191,__label__neutral,新冠,2020-03-03,国际 航协 呼吁 监管 机构 暂停 实施 航班时刻 管理 规则 国际 航空运输 协会 iata 正 与 世界各地 的 航空 监管 机构 联络 协商 在 新冠 肺炎 疫情 covid 十九 期间 暂停 实施 二千 零 二十年 航班时刻 管理 规则 全球 约 四十三 的 旅客 从 二百多个 施行 全球 航班时刻 协调 机制 的 机场 出发 根据 现行 的 航班时刻 管理 规则 正常 情况 下 航空公司 ​ ,2020-03-03 22:57:00,2,9,8,__label__negative,0.26285,0.4922,0.03022,0.4922,2.0,"伊朗, 二月, 隔离, 医院, 感染","Iran, February, isolation, hospital, infection"
41,193,__label__negative,新冠,2020-03-03,新冠 肺炎 疫情 心理 调适 指南 ① 居家 隔离 人员 心理 调适 o 新冠 肺炎 疫情 心理 调适 指南 ① 居家 隔离 人员 心理 调适,2020-03-03 22:57:00,0,0,0,__label__positive,0.6584300000000001,0.00041,0.37024,0.6584300000000001,2.0,"伊朗, 二月, 隔离, 医院, 感染","Iran, February, isolation, hospital, infection"
42,194,__label__negative,新冠,2020-03-03,二千 零 二十年 三月 二日 七时 至 三日 八 时 内蒙古自治区 新冠 肺炎 疫情 情况 o,2020-03-03 22:57:00,0,0,0,__label__negative,0.67919,0.84798,1e-05,0.84798,1.0,"病人, 隔离, 生活, 说, 病例","patient, isolation, life, Say, Case"
43,200,__label__negative,新冠,2020-03-03,华南 海鲜 市场 开始 消杀 工作 有 必要 吗 之前 不是 说 该地 并非 新冠 起源地 吗,2020-03-03 22:57:00,0,0,0,__label__negative,0.00462,0.98089,0.01002,0.98089,1.0,"病人, 隔离, 生活, 说, 病例","patient, isolation, life, Say, Case"
44,201,__label__negative,新冠,2020-03-03,华南 海鲜 市场 开始 消杀 工作 有 必要 吗 之前 不是 说 该地 并非 新冠 起源地 吗,2020-03-03 22:57:00,0,0,0,__label__negative,0.00462,0.98089,0.01002,0.98089,1.0,"病人, 隔离, 生活, 说, 病例","patient, isolation, life, Say, Case"
45,202,__label__negative,新冠,2020-03-03,华南 海鲜 市场 开始 消杀 工作 有 必要 吗 之前 不是 说 该地 并非 新冠 起源地 吗,2020-03-03 22:57:00,0,0,0,__label__negative,0.00462,0.98089,0.01002,0.98089,1.0,"病人, 隔离, 生活, 说, 病例","patient, isolation, life, Say, Case"
46,210,__label__negative,新冠,2020-03-03,防控 新型 冠状病毒 二千 零 二十年 三月 三日 广东省 新冠 肺炎 疫情 情况 o,2020-03-03 22:57:00,0,0,0,__label__positive,0.99846,1e-05,0.00462,0.99846,1.0,"病人, 隔离, 生活, 说, 病例","patient, isolation, life, Say, Case"
47,217,__label__neutral,新冠,2020-03-03,十分 怀疑 一万八千 人中 很 大部分 死于 新冠 肺炎,2020-03-03 22:45:00,12,1,3,__label__negative,0.37755,0.62247,0.0006,0.62247,1.0,"病人, 隔离, 生活, 说, 病例","patient, isolation, life, Say, Case"
48,219,__label__neutral,新冠,2020-03-03,最新 疫情 地图 日本 一 女子 喉咙痛 不戴 口罩 看 演唱会 致五人 感染 二月 二十九日 日本 大坂府 公布 了 一则 集体 感染 案例 高 知县 一名 女子 二月 十三日 出现 喉咙痛 等 症状 二月 十五日 傍晚 前往 大坂市 观看 了 一场 演唱会 且 当时 并未 佩戴 口罩 回去 后 被 确诊 感染 新冠 肺炎 当天 大约 有 一百 人 观看 了 演唱会 大坂市 卫生部门 得知 后 已 对 ​ ,2020-03-03 22:57:00,0,0,0,__label__neutral,0.00134,0.26285,0.92193,0.92193,2.0,"伊朗, 二月, 隔离, 医院, 感染","Iran, February, isolation, hospital, infection"
49,220,__label__negative,新冠,2020-03-03,我 分享 了 德媒 发问 冷 热 干 湿 新冠 病毒 到底 怕 什么 快 来看 吧 o,2020-03-03 22:57:00,0,0,0,__label__neutral,0.11597,0.00611,0.97405,0.97405,3.0,"确诊, 病例, 累计, 三日, 新增","Confirmed diagnosis, Case, Grand total, Three days, New"
50,229,__label__negative,新冠,2020-03-03,美国 又 有 四人 死于 新冠 肺炎 才刚,2020-03-03 20:19:00,0,0,0,__label__neutral,0.018000000000000002,1e-05,1.00001,1.00001,0.0,"病毒, 美国, 日本, 三月, 花岗岩","virus, United States, Japan, March, granite"
51,239,__label__neutral,新冠,2020-03-03,伊朗 二十三名 议员 确诊 新冠 肺炎 疫情 已 彻底 攻入 伊朗 最高的 圈子 了 ​ ​ ​ 伊朗 副 总统 新型 冠状病毒 检测 呈 阳性,2020-03-03 22:56:00,0,0,0,__label__positive,0.95533,0.00611,0.02097,0.95533,4.0,"美国, 病毒, 武汉, 疫苗, 零","United States, virus, Wuhan, vaccine, zero"
52,243,__label__positive,新冠,2020-03-03,实时 播报 美国 财长 努钦 如果 因新冠 肺炎 疫情 问题 导致 需要 对 美国 采取 刺激 措施 基建 将 是 首要 的 选项,2020-03-03 22:56:00,11,8,9,__label__positive,0.99352,0.07587,1e-05,0.99352,4.0,"美国, 病毒, 武汉, 疫苗, 零","United States, virus, Wuhan, vaccine, zero"
53,244,__label__positive,新冠,2020-03-03,实时 播报 美国 财长 努钦 如果 因新冠 肺炎 疫情 问题 导致 需要 对 美国 采取 刺激 措施 基建 将 是 首要 的 选项,2020-03-03 22:56:00,11,8,9,__label__positive,0.99352,0.07587,1e-05,0.99352,4.0,"美国, 病毒, 武汉, 疫苗, 零","United States, virus, Wuhan, vaccine, zero"
54,245,__label__positive,新冠,2020-03-03,实时 播报 美国 财长 努钦 如果 因新冠 肺炎 疫情 问题 导致 需要 对 美国 采取 刺激 措施 基建 将 是 首要 的 选项,2020-03-03 22:56:00,11,8,9,__label__positive,0.99352,0.07587,1e-05,0.99352,4.0,"美国, 病毒, 武汉, 疫苗, 零","United States, virus, Wuhan, vaccine, zero"
55,249,__label__positive,新冠,2020-03-03,穿越 七十年 不一样 的 战场 同样 的 英雄 抗美援朝 老兵 与 医护人员 互敬 军礼 抗美援朝 老兵 张兆堂 因新冠 肺炎 住进 武汉 火神 山 医院 后 身上 还 带 着 最 珍惜 的 立功 证书 和 老照片 治疗 期间 张 爷爷 敬礼 鼓励 医护人员 说 你们 都 立功 医护人员 回敬 军礼 说 是 爷爷 先立 了 功 给 我们 做 了 榜样 战疫 历史记录 ​ ,2020-03-03 22:56:00,0,0,1,__label__positive,0.9982,0.00147,0.01066,0.9982,4.0,"美国, 病毒, 武汉, 疫苗, 零","United States, virus, Wuhan, vaccine, zero"
56,256,__label__negative,新冠,2020-03-03,清零 南通 确诊 患者 全部 治愈 出院 三日 上午 随着 最后 三名 新冠 肺炎 确诊 患者 从 江苏 南通市 第三 人民 医院 治愈 出院 南通市 四十名 确诊 的 新冠 肺炎 患者 实现 动态 清零 二 南通,2020-03-03 22:56:00,0,0,0,__label__positive,0.99895,0.0007,0.00151,0.99895,3.0,"确诊, 病例, 累计, 三日, 新增","Confirmed diagnosis, Case, Grand total, Three days, New"
57,264,__label__positive,新冠,2020-03-03,张 主任 说得对 除了 新冠 病人 其他 病人 也 是 病人 他们 也 会 生病 死亡 的 不能 让 整个 社会 停摆 现在 除 湖北 外 其他 地方 要 恢复正常 生活 让 其他 病人 其他人 得到 良好的 医疗 正常的 生活,2020-03-03 16:15:00,0,0,0,__label__positive,0.80808,0.15204,0.0005099999999999999,0.80808,1.0,"病人, 隔离, 生活, 说, 病例","patient, isolation, life, Say, Case"
58,273,__label__positive,新冠,2020-03-03,三月 三日 下午 武汉市 中心医院 官方 微信 发布公告 武汉市 中心医院 眼科 副 主任 主任医师 梅仲明 同志 在 抗击 新冠 肺炎 疫情 工作 中 不幸 染病 经 全力 抢救无效 于 二千 零 二十年 三月 三日 中午 十二时 在 武汉市 金银 潭 医院 去世 享年 五十七岁 梅仲明 同志 一千 九百 六十二年 十一月 二十九日 出 生于 湖北省 武汉市 一千 九百 八十六年 七月 从 中山医科大学 临床医学 专业 毕业 ​ ,2020-03-03 22:56:00,0,0,0,__label__negative,0.66542,0.88081,1e-05,0.88081,4.0,"美国, 病毒, 武汉, 疫苗, 零","United States, virus, Wuhan, vaccine, zero"
59,280,__label__negative,新冠,2020-03-03,汉堡 是 aida 总部 祝福 我 自,2020-03-03 22:41:00,0,0,0,__label__negative,1e-05,1.00001,1e-05,1.00001,0.0,"病毒, 美国, 日本, 三月, 花岗岩","virus, United States, Japan, March, granite"
60,282,__label__negative,新冠,2020-03-03,共同 战疫 关注 新冠 肺炎 我 是 疫苗 认识一下 呗,2020-03-03 22:56:00,2,0,1,__label__positive,0.99594,0.00062,0.00176,0.99594,1.0,"病人, 隔离, 生活, 说, 病例","patient, isolation, life, Say, Case"
61,283,__label__neutral,新冠,2020-03-03,日本 一 女子 喉咙痛 不戴 口罩 看 演唱会 致五人 感染 二月 二十九日 日本 大坂府 公布 了 一则 集体 感染 案例 高 知县 一名 女子 二月 十三日 出现 喉咙痛 等 症状 二月 十五日 傍晚 前往 大坂市 观看 了 一场 演唱会 且 当时 并未 佩戴 口罩 回去 后 被 确诊 感染 新冠 肺炎 当天 大约 有 一百 人 观看 了 演唱会 大坂市 卫生部门 得知 后 已 对 ​ ,2020-03-03 22:56:00,0,3,1,__label__neutral,0.00111,0.29422,0.8962600000000001,0.8962600000000001,2.0,"伊朗, 二月, 隔离, 医院, 感染","Iran, February, isolation, hospital, infection"
62,285,__label__neutral,新冠,2020-03-03,今天 伊朗 新冠 肺炎 病例 破 两千 累计 确诊 二千 三百 三十六 例 一天 新增 八百 三十五 例,2020-03-03 22:56:00,0,0,0,__label__neutral,1e-05,0.0007,1.00001,1.00001,3.0,"确诊, 病例, 累计, 三日, 新增","Confirmed diagnosis, Case, Grand total, Three days, New"
63,299,__label__positive,新冠,2020-03-03,甘肃 无 新增 确诊 病例 兰州 正在 播 最新 三月 三日 甘肃 无 新增 新冠 肺炎 确诊 病例 累计 九十 一例 治愈 出院 八十六 例 最新 疫情 最新 疫情 报道 三月 二日 二十时 至 三月 三日 二十时 甘肃省 无 新增 新型 冠状病毒 肺炎 确诊 病例 新增 出院 一例 截至 三月 三日 二十时 甘肃 累计 报告 新型 冠状病毒 肺炎 确诊 病例 九十 一例 累计 治 ​ ,2020-03-03 22:56:00,0,0,1,__label__positive,0.98832,0.00248,0.00556,0.98832,3.0,"确诊, 病例, 累计, 三日, 新增","Confirmed diagnosis, Case, Grand total, Three days, New"
64,307,__label__positive,新冠,2020-03-03,疫情 防控 甘肃 在 行动 关注 新冠 肺炎 甘肃 无 新增 新型 冠状病毒 肺炎 确诊 病例 累计 九十 一例 三月 二日 二十时 至 三月 三日 二十时 甘肃省 无 新增 新型 冠状病毒 肺炎 确诊 病例 新增 出院 一例 截至 三月 三日 二十时 甘肃 累计 报告 新型 冠状病毒 肺炎 确诊 病例 九十 一例 累计 治愈 出院 八十六 例 累计 死亡 病例 二例 现有 三例 在 定点医院 进行 隔离 治疗 ​ ,2020-03-03 22:56:00,1,0,1,__label__positive,0.98902,0.00349,0.00396,0.98902,3.0,"确诊, 病例, 累计, 三日, 新增","Confirmed diagnosis, Case, Grand total, Three days, New"
65,313,__label__positive,新冠,2020-03-03,分享 网易 新闻 试析 中医 治疗 新冠 肺炎 效果 明显的 铁证 o 试析 中医 治疗 新冠 肺炎 效果 明显的 铁证 网易 新闻,2020-03-03 22:56:00,0,0,0,__label__positive,0.99116,0.01497,0.0022600000000000003,0.99116,1.0,"病人, 隔离, 生活, 说, 病例","patient, isolation, life, Say, Case"
66,316,__label__neutral,新冠,2020-03-03,日本 国内 新冠 感染者 增至 九百九十九 人 大分 县 确诊 首例 共同社 三月 三日 电 日本 国内 三日 新 确诊 十九人 感染 新型 冠状病毒 包括 游轮 钻石 公主 号 乘客 和 船员 在内 的 感染者 累计 增至 九百九十九 人 大分 县 确诊 首个 病例 　 　 各 地方 政府 通报 的 新增 感染 人数 分别 为 北海道 二人 东京都 一人 神奈川县 一人 爱知县 九人 京都府 一人 ​ ,2020-03-03 22:56:00,0,0,0,__label__neutral,0.0006799999999999999,0.0237,0.99684,0.99684,3.0,"确诊, 病例, 累计, 三日, 新增","Confirmed diagnosis, Case, Grand total, Three days, New"
67,318,__label__negative,新冠,2020-03-03, 风恬 月 朗 男朋友 说 要 在家 做顿 大餐 男朋友 做饭 像 在 炼丹 l 文科班 校花 酱 的 微博 视频 晚安 好 梦 法报 君带 您 回顾 今日 热点话题 浙江 新增 七例 均 为 意大利 输入 病例 特朗普 要求 几个 月 内 开发 出新 冠 疫苗 黄冈 给 郑爽 一家 写 感谢信 南京 地震 ​ ,2020-03-03 22:56:00,5,24,34,__label__neutral,0.011,0.44554,0.51563,0.51563,1.0,"病人, 隔离, 生活, 说, 病例","patient, isolation, life, Say, Case"
68,327,__label__neutral,新冠,2020-03-03,神农架 发生 野猪 非洲 猪瘟 疫情 非洲 猪瘟 不是 控制 了 吗 又 来 了 又 是 新冠 肺炎 又 是 禽流感 又 是 非洲 猪瘟 二千 零 二十年 快点 好 起来 啊,2020-03-03 22:55:00,0,12,23,__label__neutral,0.00339,0.00328,0.99653,0.99653,4.0,"美国, 病毒, 武汉, 疫苗, 零","United States, virus, Wuhan, vaccine, zero"
69,328,__label__neutral,新冠,2020-03-03,携带 新冠 肺炎 病毒 的 无症状 感染者 最 可怕 当 你 倒下 的 时候 你 才 会 意识 到 他 的 存在,2020-03-03 15:24:00,0,0,0,__label__neutral,0.0013800000000000002,0.00058,0.99966,0.99966,2.0,"伊朗, 二月, 隔离, 医院, 感染","Iran, February, isolation, hospital, infection"
70,334,__label__negative,新冠,2020-03-03,睡前 放松 一,2020-03-03 17:05:00,0,0,0,__label__negative,1e-05,1.00001,1e-05,1.00001,3.0,"确诊, 病例, 累计, 三日, 新增","Confirmed diagnosis, Case, Grand total, Three days, New"
71,340,__label__positive,新冠,2020-03-03,湖北 新冠 肺炎 患者 治愈率 大幅 提升 是 一个 好消息 感谢 医护人员 的 努,2020-03-03 22:40:00,0,0,0,__label__positive,0.7773100000000001,0.03211,0.00886,0.7773100000000001,4.0,"美国, 病毒, 武汉, 疫苗, 零","United States, virus, Wuhan, vaccine, zero"
72,346,__label__negative,新冠,2020-03-03,很久没 来 打过 卡 了 其实 在 微博 很早 翻 了 哈 还有 很多 美好的 回忆 新 的 一年 了 因为 新冠 肺炎 疫情 二月 在家 自闭 了 挺 长时间 二千 零 二十年 三月 三日 又 来 微博 打个 卡 今日 日记 早上 提前 二十分钟 起床 给 自己 做 了 个 早饭 中午 下楼梯 的 时候 摔了一跤 感觉 左脚 有点 扭到 了 虽然 走路 没问题 但 活动 脚踝 会 有 一点点 痛 睡一觉 ​ ,2020-03-03 22:55:00,0,0,1,__label__negative,0.04086,0.94816,0.00272,0.94816,4.0,"美国, 病毒, 武汉, 疫苗, 零","United States, virus, Wuhan, vaccine, zero"
73,350,__label__negative,新冠,2020-03-03,崔娃 吐 槽 这个 系列 承包 了 我 最近 所有 的 笑,2020-03-03 17:05:00,0,0,0,__label__negative,1e-05,1.00001,0.00156,1.00001,0.0,"病毒, 美国, 日本, 三月, 花岗岩","virus, United States, Japan, March, granite"
74,352,__label__negative,新冠,2020-03-03,崔娃 吐 槽 这个 系列 承包 了 我 最近 所有 的 笑,2020-03-03 17:05:00,0,0,0,__label__negative,1e-05,1.00001,0.00156,1.00001,0.0,"病毒, 美国, 日本, 三月, 花岗岩","virus, United States, Japan, March, granite"
75,354,__label__positive,新冠,2020-03-03,发布 了 头条 文章 新冠 病毒 可 存活 五天 门把手 手机 也 会 传染 这 三个 真相 必须 知道 o 新冠 病毒 可 存活 五天 门把手 手机 也 会 传染 这 三个 真相 必须 知道,2020-03-03 22:55:00,0,0,1,__label__negative,0.01451,0.45327,0.11281,0.45327,3.0,"确诊, 病例, 累计, 三日, 新增","Confirmed diagnosis, Case, Grand total, Three days, New"
76,363,__label__negative,新冠,2020-03-03,二千 零 八年 为了 应对 汶川 地震 和 美国 次贷 危机 经济 刺激 的 度 是 四 万亿 却 引发 了 楼价 暴涨 产能 过剩 等 负面影响 也 因此 广受 诟病 可 这次 新冠 疫情 带来 经济 刺激 估计 得远 超四 万亿,2020-03-03 22:55:00,0,0,1,__label__negative,0.00691,0.92631,0.0716,0.92631,4.0,"美国, 病毒, 武汉, 疫苗, 零","United States, virus, Wuhan, vaccine, zero"
77,364,__label__positive,新冠,2020-03-03,来而不往非礼也 回复 所以 礼尚往来 啊 这 有问题 吗 免费 为 美国 人民 提供 核酸 检测 难道 不是 倒逼 真相 帮助 美国政府 重视 其 国内 的 新冠 疫情 吗 怎么 同一 性质 的 事情 到 你 这里 就 双标 了 说 这个 就 没意思 了 要不是 因为 他们 的 检测 我们 也 没那么 重视 吧,2020-03-03 20:18:00,0,0,0,__label__negative,0.00299,0.9363,0.07808999999999999,0.9363,0.0,"病毒, 美国, 日本, 三月, 花岗岩","virus, United States, Japan, March, granite"
78,365,__label__positive,新冠,2020-03-03,中国 中医 科学 院长 王永炎 院士 二千 零一 十九年 六月 已经 预测 到 了 这次 新冠 肺炎 中医 国学 太神 了 up 主 夜读 尘 bilibili o 中医 牛匹 已经 预测 到 了 这次 新冠 病毒 哔哩 哔哩 客户端 下载 o ​ ,2020-03-03 22:55:00,0,0,0,__label__negative,0.03623,0.8740899999999999,0.02932,0.8740899999999999,1.0,"病人, 隔离, 生活, 说, 病例","patient, isolation, life, Say, Case"
79,367,__label__neutral,新冠,2020-03-03,重庆 辟谣 二千 零 二十 三 三 丨 谣言 别信 所在 的 区域 被 认定 为 低 风险 出门 就 不需要 戴 口罩 湖北 沙洋 一 感染 新冠 肺炎 的 罪犯 治疗 时 从 医院 逃跑 熔喷布 燃烧 无烟 无焦 据此 可以 区分 口罩 真假 疫情 期间 可以 通过 高强度 锻炼 来 提高 抵抗力 安宫 牛黄丸 可 预防 新冠 肺炎 千万别 信 这些 都 是 谣言 来看 真相 ​ ,2020-03-03 22:55:00,0,0,1,__label__negative,0.14415999999999998,0.44554,0.0276,0.44554,1.0,"病人, 隔离, 生活, 说, 病例","patient, isolation, life, Say, Case"
80,371,__label__positive,新冠,2020-03-03,天津 防控 新型 冠状病毒 肺炎 天津 新冠 肺炎 治愈 患者 达 一百二十 四人 二千 零 二十年 三月 三日 我市 六名 新冠 肺炎 患者 经过 医护 团队 精心 治疗 病情 好转 呼吸道 症状 逐渐 减轻 肺部 影像 显示 病灶 明显 吸收 各项 生化 指标 检测 正常 两次 核酸 检测 均 为 阴性 经 市级 专家组 评估 均 符合 出院 标准 于 三月 三日 正式 出院 截至 目前 天津 ​ ,2020-03-03 22:55:00,0,0,0,__label__positive,0.98202,0.01745,0.0029,0.98202,0.0,"病毒, 美国, 日本, 三月, 花岗岩","virus, United States, Japan, March, granite"
81,373,__label__positive,新冠,2020-03-03,张文宏 不尽快 复工 人口 死亡率 将 高于 新冠 肺炎 死亡率 近日 张文宏 医生 表示 发病率 低 的 城市 可以 互相 交流 不尽快 复工 人口 死亡率 将 高于 新冠 肺炎 此 视频 已有 五十一万 人 围观 快 来 加入 o,2020-03-03 22:55:00,0,0,0,__label__positive,0.99949,0.00066,0.0014199999999999998,0.99949,3.0,"确诊, 病例, 累计, 三日, 新增","Confirmed diagnosis, Case, Grand total, Three days, New"
82,382,__label__negative,新冠,2020-03-03, 淮北 生活 淮北 生活 安康 码 淮北 上线 进出 城 往返 家 上下班 等 可亮 码 通行 三月 二日 淮北市 新冠 肺炎 疫情 防控 应急 综合 指挥部 办公室 下发 通知 在 全市 推广 使用 安徽 健康 码 安康 码 安康 码 是 由 安徽省 数据 资源 局 提供 各市 使用 并 进行 本地化 部署 的 电子 通行证 包含 可 供 核验 的 个人 基 ​ ,2020-03-03 22:55:00,1,0,3,__label__positive,0.94336,0.47659,1e-05,0.94336,4.0,"美国, 病毒, 武汉, 疫苗, 零","United States, virus, Wuhan, vaccine, zero"
83,388,__label__positive,新冠,2020-03-03,张 主任 说得对 除了 新冠 病人 其他 病人 也 是 病人 他们 也 会 生病 死亡 的 不能 让 整个 社会 停摆 现在 除 湖北 外 其他 地方 要 恢复正常 生活 让 其他 病人 其他人 得到 良好的 医疗 正常的 生活,2020-03-03 16:15:00,0,0,0,__label__positive,0.80808,0.15204,0.0005099999999999999,0.80808,1.0,"病人, 隔离, 生活, 说, 病例","patient, isolation, life, Say, Case"
84,397,__label__neutral,新冠,2020-03-03,日本 一 女子 喉咙痛 不戴 口罩 看 演唱会 致五人 感染 二月 二十九日 日本 大坂府 公布 了 一则 集体 感染 案例 高 知县 一名 女子 二月 十三日 出现 喉咙痛 等 症状 二月 十五日 傍晚 前往 大坂市 观看 了 一场 演唱会 且 当时 并未 佩戴 口罩 回去 后 被 确诊 感染 新冠 肺炎 当天 大约 有 一百 人 观看 了 演唱会 大坂市 卫生部门 得知 后 已 对 演奏厅 进行 了 消 ​ ,2020-03-03 22:55:00,65,70,231,__label__neutral,0.00129,0.26285,0.90466,0.90466,2.0,"伊朗, 二月, 隔离, 医院, 感染","Iran, February, isolation, hospital, infection"
85,400,__label__positive,新冠,2020-03-03,全球 抗疫 第一线 伊朗 紧急 医疗 组织 负责人 确诊 新冠 肺炎 据 伊朗 塔斯 尼姆 通讯 三日 报道 伊朗 紧急 医疗 组织 负责人 皮尔 侯赛因 科利 文德新冠 肺炎 病毒 测试 呈 阳性 目前 该 负责人 已 接受 隔离 总台 记者 倪紫慧 ​ ​ ​,2020-03-03 22:54:00,1,0,1,__label__positive,0.9906,0.005229999999999999,0.01497,0.9906,1.0,"病人, 隔离, 生活, 说, 病例","patient, isolation, life, Say, Case"
86,407,__label__neutral,新冠,2020-03-03,伊朗 二十三名 议员 确诊 新冠 肺炎 这么 严重的 希望 他们 的 疫情 也 赶紧 过去,2020-03-03 22:54:00,0,0,0,__label__positive,0.94166,0.00037,0.06756000000000001,0.94166,3.0,"确诊, 病例, 累计, 三日, 新增","Confirmed diagnosis, Case, Grand total, Three days, New"
87,409,__label__negative,新冠,2020-03-03,发布 了 头条 文章 呼伦贝尔市 慈善 总会 防控 新冠 肺炎 疫情 善款 公示 第八期 o 呼伦贝尔市 慈善 总会 防控 新冠 肺炎 疫情 善款 公示 第八期,2020-03-03 22:54:00,0,0,0,__label__negative,0.04086,0.5000100000000001,0.03734,0.5000100000000001,3.0,"确诊, 病例, 累计, 三日, 新增","Confirmed diagnosis, Case, Grand total, Three days, New"
88,414,__label__positive,新冠,2020-03-03,我 在 看 伊朗 二十三名 议员 确诊 新冠 肺炎 哈梅内伊 下令 军队 协助 防控 疫情 跟 新浪 看 热点 o 伊朗 二十三名 议员 确诊 新冠 肺炎 哈梅内伊 下令 军队 协助 防控 疫情,2020-03-03 22:54:00,0,0,0,__label__positive,0.9986,0.0008699999999999999,0.00783,0.9986,3.0,"确诊, 病例, 累计, 三日, 新增","Confirmed diagnosis, Case, Grand total, Three days, New"
89,417,__label__positive,新冠,2020-03-03,我 在 看 伊朗 二十三名 议员 确诊 新冠 肺炎 哈梅内伊 下令 军队 协助 防控 疫情 跟 新浪 看 热点 o 伊朗 二十三名 议员 确诊 新冠 肺炎 哈梅内伊 下令 军队 协助 防控 疫情,2020-03-03 22:54:00,0,0,0,__label__positive,0.9986,0.0008699999999999999,0.00783,0.9986,3.0,"确诊, 病例, 累计, 三日, 新增","Confirmed diagnosis, Case, Grand total, Three days, New"
90,418,__label__positive,新冠,2020-03-03,我 在 看 伊朗 二十三名 议员 确诊 新冠 肺炎 哈梅内伊 下令 军队 协助 防控 疫情 跟 新浪 看 热点 o 伊朗 二十三名 议员 确诊 新冠 肺炎 哈梅内伊 下令 军队 协助 防控 疫情,2020-03-03 22:54:00,0,0,0,__label__positive,0.9986,0.0008699999999999999,0.00783,0.9986,3.0,"确诊, 病例, 累计, 三日, 新增","Confirmed diagnosis, Case, Grand total, Three days, New"
91,428,__label__negative,新冠,2020-03-03,新冠 病毒 治愈率 挺 高 的 二 深圳,2020-03-03 22:54:00,0,0,0,__label__negative,1e-05,1.00001,1e-05,1.00001,0.0,"病毒, 美国, 日本, 三月, 花岗岩","virus, United States, Japan, March, granite"
92,430,__label__positive,新冠,2020-03-03,保护 野生动物 就是 在 保护 我们 自己 今天 是 三月 三日 第七个 世界 野生 动植物 日 此次 新冠 疫情 也 给 我们 敲 了 个 警钟 在 这个 地球 上 生活 的 不只有 人类 还有 数不清 的 动物 植物 生态 链 的 平衡 是 所有 生物 共同 制约 来 保持 的 任何一方 受到 伤害 都 会 产生 不同 程度 的 影响 所以 我们 要 保护 好 自己 也 要 保护 地球 上 的 所 ​ ,2020-03-03 22:54:00,0,0,1,__label__positive,0.28778000000000004,0.26285,0.01206,0.28778000000000004,3.0,"确诊, 病例, 累计, 三日, 新增","Confirmed diagnosis, Case, Grand total, Three days, New"
93,431,__label__positive,新冠,2020-03-03,说 的 太好了 北京 上海 有着 全国 最好 的 医疗 队伍 比新冠重 的 病 多 了 去 了 专家号 不能 约 还 得 隔离 十四天 这得 多 耽误,2020-03-03 20:25:00,0,0,1,__label__negative,0.22817,0.68596,0.00859,0.68596,2.0,"伊朗, 二月, 隔离, 医院, 感染","Iran, February, isolation, hospital, infection"
94,453,__label__negative,新冠,2020-03-03,全民 上下 齐心协力 抗 疫情 早日 完胜 并 诚挚 祝愿 国家 繁荣富强 人民 幸福 安康 顺祝 全国 人民 畅 享福 安 ​ ​ ​ ​ ​,2020-03-03 14:42:00,0,0,0,__label__negative,0.00383,0.99851,0.0016600000000000002,0.99851,2.0,"伊朗, 二月, 隔离, 医院, 感染","Iran, February, isolation, hospital, infection"
95,461,__label__negative,新冠,2020-03-03,二千 零 二十 中国 大学生 好 创意 为 中国 加油 武汉 加油 作者 刘美萱 学校 延边 大学 作品 说明 新冠 病毒 就 像 突如其来的 故障 瞬间 打破 了 平静的 生活 那些 守护 在 防疫 一线 的 逆 行者 们 毫不犹豫 的 开始 了 战疫 口罩 犹如 一艘 轮船 载 着 他们 乘风破浪 不畏 前行 致敬 战役 逆 行者 中国 加油 武 ​ ,2020-03-03 22:54:00,0,0,0,__label__positive,0.94336,0.04086,0.00492,0.94336,4.0,"美国, 病毒, 武汉, 疫苗, 零","United States, virus, Wuhan, vaccine, zero"
96,463,__label__negative,新冠,2020-03-03,今年 原野 显绿 的 时候 属于 人们 的 春天 还 未 来得及 全部 开放 就 被 新冠 肺炎 病毒 死死 纠缠 湖北 告急 武汉 告急 党中央 和 全国 人民 挂肚牵肠 闲算 乐园 二 南京,2020-03-03 22:54:00,0,0,1,__label__negative,0.28142,0.7663,0.00125,0.7663,0.0,"病毒, 美国, 日本, 三月, 花岗岩","virus, United States, Japan, March, granite"
97,467,__label__neutral,新冠,2020-03-03,重度 抑郁症 那种 感觉 涌 过来 我 才 知道 我 之前 的确 是 走 出来 了 因为 这种 感觉 熟悉 又 陌生 我 一下子 恶心 到 忘记 了 所有 事物 的 味道 失望 到 觉得 全世界 对 我 恶语相向 我 想 死 不是 想法 不是 计划 而是 现在 就 现在 我 只是 默默 的 把 所有 电子产品 关机 走出 了 家门 走 在 路上 觉得 灵魂 飘 在 我 前面 我 穿过 第一个 路口 后义 无反 ​ ,2020-03-03 22:54:00,0,6,2,__label__negative,0.00349,0.945,0.03411,0.945,3.0,"确诊, 病例, 累计, 三日, 新增","Confirmed diagnosis, Case, Grand total, Three days, New"
98,472,__label__positive,新冠,2020-03-03,德国 游轮 在 挪威 港口 被 隔离 接受 新冠 病毒检测,2020-03-03 22:41:00,19,10,45,__label__neutral,0.7491,0.03734,0.8903,0.8903,2.0,"伊朗, 二月, 隔离, 医院, 感染","Iran, February, isolation, hospital, infection"
99,481,__label__neutral,新冠,2020-03-03,伊朗 版 火神 山 医院 开建 革命 卫队 地面部队 进入 警戒 状态 近日 伊朗 多个 城市 开建 专用 于 收治 新冠 病毒感染者 的 传染病 医院 在 伊朗 中部 城市 亚兹德 政府 承诺 将 在 数日 内 建成 一所 占地 一 千平方米 的 医院 在 疫情 最先 爆发 的 圣城 库姆 伊朗 伊斯兰 革命 卫队 也 建起 了 一所 野战医院 专门 收治 新冠 肺炎 病人,2020-03-03 22:53:00,0,0,2,__label__positive,0.5000100000000001,0.36298,0.00713,0.5000100000000001,2.0,"伊朗, 二月, 隔离, 医院, 感染","Iran, February, isolation, hospital, infection"
100,499,__label__negative,新冠,2020-03-03,早盘 美股 继续 下滑 道 指跌 逾 一百八十 点 查看 最新 行情 　 　 北京 时间 三日 晚 美股 周二 早盘 继续 走低 道 指 下跌 超过 一百八十 点 g 七 集团 声明 称 将 使用 政策 工具 来 应对 新冠 病毒 的 爆发 但 o,2020-03-03 22:53:00,0,0,0,__label__negative,0.00299,0.99934,0.00038,0.99934,1.0,"病人, 隔离, 生活, 说, 病例","patient, isolation, life, Say, Case"
101,505,__label__negative,新冠,2020-03-03,中疾控 等 重磅 研究 揭示 新冠 病毒 演变 可能 从 穿山甲 冠状病毒 衍生 而 不是 蝙蝠 当地 时间 三月 二 二日 中国医学科学院 北京协和医院 中国 疾控中心 加州大学洛杉矶分校 匹兹堡 大学 湖南大学 五家 合作 单位 的 研究 人员 共同 在 生物科学 预 印本 网站 biorxiv 在线 发表 了 一项 针对 新冠 病毒 演化过程 中 的 突变 重组 和 插 ​ ,2020-03-03 22:53:00,1,0,0,__label__negative,0.0237,0.88081,0.02034,0.88081,0.0,"病毒, 美国, 日本, 三月, 花岗岩","virus, United States, Japan, March, granite"
102,513,__label__negative,新冠,2020-03-03,寰球 同此 凉 热 麻烦 大 了,2020-03-03 22:45:00,0,0,0,__label__neutral,1e-05,0.7982,0.99143,0.99143,4.0,"美国, 病毒, 武汉, 疫苗, 零","United States, virus, Wuhan, vaccine, zero"
103,514,__label__neutral,新冠,2020-03-03,新冠 肺炎 患者 治愈 出院 后 如何 锻炼 身,2020-03-01 12:00:00,0,0,0,__label__positive,0.95398,0.6442399999999999,1e-05,0.95398,3.0,"确诊, 病例, 累计, 三日, 新增","Confirmed diagnosis, Case, Grand total, Three days, New"
104,516,__label__negative,新冠,2020-03-03,小连杀 配音 新冠 病毒 如果 口吐 芬芳 有用 的话 希望 新冠 病毒 看到 这个 视频 可以 羞愧 地 离开 l 米琪 小 连 杀 的 微博 视频,2020-03-03 22:53:00,521,201,1485,__label__negative,0.00156,0.99479,0.011,0.99479,4.0,"美国, 病毒, 武汉, 疫苗, 零","United States, virus, Wuhan, vaccine, zero"
105,520,__label__negative,新冠,2020-03-03,李文亮 医生 的 同 科室 战,2020-03-03 14:42:00,0,0,0,__label__negative,1e-05,0.99963,1e-05,0.99963,4.0,"美国, 病毒, 武汉, 疫苗, 零","United States, virus, Wuhan, vaccine, zero"
106,527,__label__positive,新冠,2020-03-03,原创 歌曲 幸好 有 你 向 奋战 在 抗击 新冠 肺炎 疫情 一线 的 广大 医护 工作者 新 时代 的 白衣天使 致敬 漯河 抗疫 在 行动,2020-03-03 16:47:00,0,0,3,__label__positive,0.99789,0.00611,1e-05,0.99789,3.0,"确诊, 病例, 累计, 三日, 新增","Confirmed diagnosis, Case, Grand total, Three days, New"
107,540,__label__positive,新冠,2020-03-03,上海 小囡 上网 课 啦 一校 一策 一人 一策 让 空中课堂 全 复盖 上海 战疫 在 抗击 新冠 肺炎 疫情 的 特殊 时期 为 满足 广大 学子 居家 学习 的 需求 三月 二日 起 上海 一百四十 三 五万 中小学生 正式 开始 在线教育 网课 开始 后广受 关注,2020-03-03 22:53:00,0,0,0,__label__positive,0.4149100000000001,0.03211,0.20182,0.4149100000000001,0.0,"病毒, 美国, 日本, 三月, 花岗岩","virus, United States, Japan, March, granite"
108,550,__label__negative,新冠,2020-03-03,张 主任 说得对 除了 新冠 病人 其他 病人 也 是 病人 他们 也 会 生病 死亡 的 不能 让 整个 社会 停摆 现在 除 湖北 外 其他 地方 要 恢复正常 生活 让 其他 病人 其他人 得到 良好的 医疗 正常的 生活,2020-03-03 16:15:00,0,0,0,__label__positive,0.80808,0.15204,0.0005099999999999999,0.80808,1.0,"病人, 隔离, 生活, 说, 病例","patient, isolation, life, Say, Case"
109,551,__label__neutral,新冠,2020-03-03,在 武汉 人 面对 生命 危机 的 特殊 时期 一个 保障 市民 蔬菜 配送 的 配菜 员 被 城管 殴打 理由 是 蔬菜 影响 市容 你 说 这样 的 城管 该不该 荣获 新冠 肺炎,2020-03-03 17:52:00,0,0,0,__label__neutral,0.00264,0.00859,0.99712,0.99712,4.0,"美国, 病毒, 武汉, 疫苗, 零","United States, virus, Wuhan, vaccine, zero"
110,558,__label__positive,新冠,2020-03-03,主播 说 联播 隔离 不分 内外 一视同仁 这 几天 有些 省 增加 了 输入 性 病例 当下 新冠 肺炎 疫情 已 蔓延到 七十多个 国家 中国 之外 的 确诊 病例 数已 突破 一万 韩国 意大利 伊朗 等国 形势 尤其 严峻 据 我们 的 防控 经验 加强 隔离 是 可行的 办法 隔离 不分 内外 也 不会 区别对待 更 不会 有 例外 只有 一视同仁 和 严格执行 ​ ,2020-03-03 22:52:00,11,9,34,__label__positive,0.7663,0.11921,0.10972,0.7663,1.0,"病人, 隔离, 生活, 说, 病例","patient, isolation, life, Say, Case"
111,559,__label__positive,新冠,2020-03-03,主播 说 联播 隔离 不分 内外 一视同仁 这 几天 有些 省 增加 了 输入 性 病例 当下 新冠 肺炎 疫情 已 蔓延到 七十多个 国家 中国 之外 的 确诊 病例 数已 突破 一万 韩国 意大利 伊朗 等国 形势 尤其 严峻 据 我们 的 防控 经验 加强 隔离 是 可行的 办法 隔离 不分 内外 也 不会 区别对待 更 不会 有 例外 只有 一视同仁 和 严格执行 ​ ,2020-03-03 22:52:00,11,9,34,__label__positive,0.7663,0.11921,0.10972,0.7663,1.0,"病人, 隔离, 生活, 说, 病例","patient, isolation, life, Say, Case"
112,565,__label__negative,新冠,2020-03-03,这 病毒 怎么 世界各地 开花,2020-03-03 22:41:00,0,0,0,__label__negative,1e-05,0.98719,0.11281,0.98719,2.0,"伊朗, 二月, 隔离, 医院, 感染","Iran, February, isolation, hospital, infection"
113,568,__label__neutral,新冠,2020-03-03,新冠 肺炎 蔓延 下 各 地区 台词 米国 不想 看病 是 我 的 自由 强制 我 看告 你 侵犯 人权 法国 就算 我 明天 死 于 肺炎 今天 我 也 要 狂欢 party 日本 船上 饮食 太差 下船 我 就要 吃 寿司 台湾省 我们 台湾 健保 no 一 绝不 存在 社区 传播 韩国 天地 老仙 法力无边,2020-03-03 22:52:00,1,1,13,__label__negative,0.01134,0.97703,0.00691,0.97703,1.0,"病人, 隔离, 生活, 说, 病例","patient, isolation, life, Say, Case"
114,574,__label__negative,新冠,2020-03-03,煞笔 门 都 不能 出 给 谁 看 的 市容 在 武汉 人 面对 生命 危机 的 特殊 时期 一个 保障 市民 蔬菜 配送 的 配菜 员 被 城管 殴打 理由 是 蔬菜 影响 市容 你 说 这样 的 城管 该不该 荣获 新冠 肺炎,2020-03-03 17:52:00,0,0,0,__label__neutral,0.01745,0.01283,0.97325,0.97325,4.0,"美国, 病毒, 武汉, 疫苗, 零","United States, virus, Wuhan, vaccine, zero"
115,597,__label__neutral,新冠,2020-03-03,上海 新闻 综合 频道 最近 真的 不得了 之前 全面 报道 新冠 防疫 现在 连肖战 粉丝 举报 ao 三遭 抵制 也 专门 报道 了 听到 新闻联播 播音 腔 说 偶像 的 路 人 感败光 偶像 的 下场 也 越 有 可能 凉凉 还 挺 喜感 的 次元壁 破 了 九九八十一 肖战 l 吃瓜 没有 圈 的 微博 视频,2020-03-03 22:52:00,63,55,879,__label__neutral,0.22271,0.00383,0.93813,0.93813,1.0,"病人, 隔离, 生活, 说, 病例","patient, isolation, life, Say, Case"
116,598,__label__neutral,新冠,2020-03-03,上海 新闻 综合 频道 最近 真的 不得了 之前 全面 报道 新冠 防疫 现在 连肖战 粉丝 举报 ao 三遭 抵制 也 专门 报道 了 听到 新闻联播 播音 腔 说 偶像 的 路 人 感败光 偶像 的 下场 也 越 有 可能 凉凉 还 挺 喜感 的 次元壁 破 了 九九八十一 肖战 l 吃瓜 没有 圈 的 微博 视频,2020-03-03 22:52:00,63,55,879,__label__neutral,0.22271,0.00383,0.93813,0.93813,1.0,"病人, 隔离, 生活, 说, 病例","patient, isolation, life, Say, Case"
117,602,__label__negative,新冠,2020-03-03,这篇 视频 很 有意思 新冠 肺炎 疫情 拐点 来 了 吗 听听 天津人 怎么 说 o,2020-03-03 22:52:00,0,0,0,__label__negative,0.0223,0.99332,0.0008699999999999999,0.99332,1.0,"病人, 隔离, 生活, 说, 病例","patient, isolation, life, Say, Case"
118,612,__label__neutral,新冠,2020-03-03,重磅 美国 一 四万 流感 死者 或 部分 死于 新冠 美国 在 做 爆发 准备 o 重磅 美国 一 四万 流感 死者 或 部分 死于 新冠 美国 在 做 爆发 准备,2020-03-03 22:52:00,0,0,0,__label__positive,0.98257,0.00058,0.09536,0.98257,0.0,"病毒, 美国, 日本, 三月, 花岗岩","virus, United States, Japan, March, granite"
119,618,__label__neutral,新冠,2020-03-03,美国 有没有 大规模 疫情 病毒 说 了 不算 政府 和 媒体 说 了 才 算 发生 疫情 不一定 要 处理 疫情 甚至 可以 做到 没有 疫情 死亡率 不超过 二十 不要 向 总统 汇报 一切 都 会 很快 过去,2020-03-03 10:51:00,0,0,0,__label__neutral,0.00044,0.00328,0.99949,0.99949,0.0,"病毒, 美国, 日本, 三月, 花岗岩","virus, United States, Japan, March, granite"
120,626,__label__negative,新冠,2020-03-03,韩国 总统 文在寅 三日 表示 新冠 病毒 确诊 病例 仍然 在 持续 增加 目前 是 关键 阶段 随着 大邱 及 庆尚 北道 的 疫情 危机 达到 尖峰 全国 已经 进入 疫情 抗战 状态 韩国 疾病 管理 本部 三日 上午 通报 新增 确诊 病例 四百 七十七 例 累计 四千八百 一十二 例 死亡 二十八 例 文在寅 还 要求 政府 单位 全天候 戒备 以便 加强 检疫 隔离 与 经济 相关 措施 的 准备 ​ ,2020-03-03 22:51:00,1,3,10,__label__neutral,0.2069,0.00691,0.8962600000000001,0.8962600000000001,2.0,"伊朗, 二月, 隔离, 医院, 感染","Iran, February, isolation, hospital, infection"
121,631,__label__positive,新冠,2020-03-03, 襄阳 破万 警惕 来源 央视 新闻 当地 时间 三月 三日 十六时 韩国 新冠 肺炎 确诊 病例 累计 达到 五千 一百八十 六例 到 今天 除 中国 外 全球 七十多个 国家 出现 新冠 肺炎 确诊 病例 累计 确诊 人数 超过 一 万例 韩国 确诊 病例 破 五千 例 二十四 小时 新增 八百 五十 一例 据 韩国 卫生部门 消息 当地 时间 三日 零时 至 十六时 韩国 共报 新冠肺 ​ ,2020-03-03 22:51:00,0,3,1,__label__negative,0.00081,0.76066,0.46103,0.76066,3.0,"确诊, 病例, 累计, 三日, 新增","Confirmed diagnosis, Case, Grand total, Three days, New"
122,636,__label__negative,新冠,2020-03-03,黑人 握手 把 病毒 绕,2020-03-03 22:43:00,0,0,0,__label__negative,1e-05,0.99846,0.04604,0.99846,0.0,"病毒, 美国, 日本, 三月, 花岗岩","virus, United States, Japan, March, granite"
123,639,__label__negative,新冠,2020-03-03,黑人 握手 把 病毒 绕,2020-03-03 22:43:00,0,0,0,__label__negative,1e-05,0.99846,0.04604,0.99846,0.0,"病毒, 美国, 日本, 三月, 花岗岩","virus, United States, Japan, March, granite"
124,642,__label__positive,新冠,2020-03-03,主播 说 联播 隔离 不分 内外 一视同仁 这 几天 有些 省 增加 了 输入 性 病例 当下 新冠 肺炎 疫情 已 蔓延到 七十多个 国家 中国 之外 的 确诊 病例 数已 突破 一万 韩国 意大利 伊朗 等国 形势 尤其 严峻 据 我们 的 防控 经验 加强 隔离 是 可行的 办法 隔离 不分 内外 也 不会 区别对待 更 不会 有 例外 只有 一视同仁 和 严格执行 ​ ,2020-03-03 22:51:00,0,0,1,__label__positive,0.7663,0.11921,0.10972,0.7663,1.0,"病人, 隔离, 生活, 说, 病例","patient, isolation, life, Say, Case"
125,645,__label__positive,新冠,2020-03-03,新华社 报道 武汉 方舱 医院 独家 揭秘 新冠 肺炎 患者 用药 情况 连花清 瘟 方舱 医院 提供 的 基础 用,2020-02-14 18:08:00,0,0,0,__label__positive,0.99869,0.00188,0.00037,0.99869,1.0,"病人, 隔离, 生活, 说, 病例","patient, isolation, life, Say, Case"
126,649,__label__negative,新冠,2020-03-03,新 研究 巴西 新冠 病毒 存在 三处 突变 二月 二十八日 巴西 首例 新冠 肺炎 患者 的 病毒 基因组 序列 brazil spbr 一 二千 零 二十 公布 这项 工作 由 巴西 圣保罗 大学 和 英国牛津大学 的 科学家 合作 完成 他们 对比 了 十七个 国家 的 一百二十七 个 病毒 基因组 进行 遗传 分析 后 发现 巴西 新冠 病毒 与 武汉 参照 菌株 wuhan hu 一 相比 存在 三处 ​ ,2020-03-03 22:51:00,31,10,33,__label__positive,0.27514,0.1067,0.02034,0.27514,4.0,"美国, 病毒, 武汉, 疫苗, 零","United States, virus, Wuhan, vaccine, zero"
127,657,__label__negative,新冠,2020-03-03,今年 会 有 更 多 的 人 学医 吗 会 有 更 多 的 人 报考 广州 医吗 这次 新冠 肺炎 因为 钟南山 院士 广州 医 曝光 度 有点 高,2020-03-03 22:51:00,0,0,1,__label__negative,0.0331,0.48439,0.05836,0.48439,1.0,"病人, 隔离, 生活, 说, 病例","patient, isolation, life, Say, Case"
128,662,__label__negative,新冠,2020-03-03,致敬 一路 走 好 梅仲明 医生 因新冠 肺炎 去世,2020-03-03 17:43:00,6,1,5,__label__negative,1e-05,0.99712,0.0007,0.99712,4.0,"美国, 病毒, 武汉, 疫苗, 零","United States, virus, Wuhan, vaccine, zero"
129,665,__label__neutral,新冠,2020-03-03,伊朗 新增 新冠 肺炎 病例 八百 三十五 例 累计 二千 三百 三十六 例 新闻 赶快 征用 体育馆 学校 宾馆 建立 临时 医院 应收 尽收 防止 扩散 o,2020-03-03 22:51:00,0,0,0,__label__neutral,0.03848,0.00807,0.94968,0.94968,2.0,"伊朗, 二月, 隔离, 医院, 感染","Iran, February, isolation, hospital, infection"
130,674,__label__negative,新冠,2020-03-03,胡侃 都 什么 时候 了 美国 两党 还 在 大 搞 超级 星期二 竞选 造势 活动 形成 大规模 人群 聚集 美国 已有 新冠 肺炎 死亡 六例 但 只 确诊 一百零五 例 这个 比例 多怪 谁 会信 特朗普 总统 星期一 强调 现在 集会 是 安全的 看来 不搞 出 一个 美国版 的 新天地 教会 事件 来 他们 不会 善罢甘休 l 胡锡进 的 微博 视频 ​ ​,2020-03-03 22:51:00,0,0,1,__label__negative,0.00539,0.96268,0.04338,0.96268,1.0,"病人, 隔离, 生活, 说, 病例","patient, isolation, life, Say, Case"
131,686,__label__negative,新冠,2020-03-03,趁火打劫 印度 趁 疫情 抢 份额 拟 对 一百 馀 种 中国 商品 加征 关税 据 最新消息 由于 新冠 疫情 的 爆发 美国商务部 正同 印度 方面 磋商 o 趁火打劫 印度 趁 疫情 抢 份额 拟 对 一百 馀 种 中国 商品 加征 关税,2020-03-03 22:51:00,0,0,0,__label__negative,0.21735,0.22271,0.13297,0.22271,0.0,"病毒, 美国, 日本, 三月, 花岗岩","virus, United States, Japan, March, granite"
132,693,__label__neutral,新冠,2020-03-03,德国 新冠 肺炎 确诊 病例 达 一百九十六 例 据 德国 欧洲 时报 当地 时间 三月 三日 十四时 公布 的 统计数据 德国 已 累计 确诊 新冠 肺炎 患者 一百九十六 例 成为 欧洲 除 意大利 外 病例 最多 的 国家 当天 德国 十六个 州 中 已有 十三个 州 出现 新冠 肺炎 病例 前 东德 地区 继 柏林 后 也 陆续 出现 确诊 病例,2020-03-03 22:50:00,7,1,16,__label__neutral,0.03965,0.00188,0.99088,0.99088,3.0,"确诊, 病例, 累计, 三日, 新增","Confirmed diagnosis, Case, Grand total, Three days, New"
133,696,__label__neutral,新冠,2020-03-03,抵制 歧视 新加坡 留学生 在 伦敦 市中心 惨遭 当地 居民 群殴 由于 新冠 疫情 蔓延到 欧美 部分 国家 很多 地区 都 出现 了 严重的 排斥 亚裔 现象 一名 在 英国 留学 的 新加坡 学生 就 表示 在 二月 二十四日 当天 他 在 伦敦 牛津 街 被 几名 当地 青年 围殴 打人者 还 冲 他 吼道 我们 国家 不要 你 的 新冠 病毒 滚 出 我们 的 国家 根据 这名 学生 ​ ,2020-03-03 22:50:00,29,118,340,__label__neutral,0.08511,0.1733,0.43783,0.43783,3.0,"确诊, 病例, 累计, 三日, 新增","Confirmed diagnosis, Case, Grand total, Three days, New"
134,699,__label__positive,新冠,2020-03-03,新型 冠状病毒 感染 肺炎 好消息 湖北 新冠 肺炎 患者 治愈率 大幅 提升 截至 二日 二十四时 湖北省 共 指定 定点 救治 医院 二百三十八 家 当日 新增 出院 二千 四百 一 十例 累计 治愈 出院 三万 六千 一百六十 七人 治愈率 从 二月 十二日 的 七 十四 持续 提升 至 三月 二日 的 五十三 八十一 这是 记者 从 三日 召开 的 湖北省 新型 冠状病毒 肺炎 疫情 防控 工作 指挥部 第三十八 场 新闻 发布会 上 获悉 ​ ,2020-03-03 22:50:00,0,1,0,__label__positive,0.99674,0.00134,0.008329999999999999,0.99674,1.0,"病人, 隔离, 生活, 说, 病例","patient, isolation, life, Say, Case"
135,704,__label__neutral,新冠,2020-03-03,日本 女子 援助 巴勒斯坦 却 被 当地人 骂 新冠 病毒 扯 头发 据 日媒 报道 三月 一日 巴基斯坦 拉马拉 二名 援助 当地 的 日本 女性 被 二名 路 人 不断 辱骂 是 新冠 病毒 一名 女子 用 手机 假装 录像 试图 阻止 对方 谩骂 没想到 其中 一个 当地人 变本加厉 冲上去 对 该 女子 拖拽 推搡 甚至 扯 头发 一日 晚 巴勒斯坦 当局 以 涉嫌 ​ ,2020-03-03 22:50:00,0,0,0,__label__negative,0.00383,0.96591,0.05666,0.96591,0.0,"病毒, 美国, 日本, 三月, 花岗岩","virus, United States, Japan, March, granite"
136,705,__label__negative,新冠,2020-03-03,凤凰 新闻 分享 凤凰 新闻 巴西 对 新冠 肺炎 病例 进行 了 病毒基因 测序 与 中国 发现 的 病毒 有 不同 o 巴西 对 新冠 肺炎 病例 进行 了 病毒基因 测序 与 中国 发现 的 病毒 有 不同 来自 o o 巴西 对 新冠 肺炎 病例 进行 了 病毒基因 测序 与 中国 发现 的 病毒 有 不同,2020-03-03 22:50:00,0,0,0,__label__negative,0.0036,0.9698,0.005229999999999999,0.9698,1.0,"病人, 隔离, 生活, 说, 病例","patient, isolation, life, Say, Case"
137,709,__label__negative,新冠,2020-03-03,法国 疫情 记者 在 巴黎 街头 采访 两位 老人 你们 为什么 觉得 新冠 肺炎 比 二战 还 恐怖 两位 老人 仰望 星空 思绪 显然 回到 那个 战争 年代 沉思 了 一会 缓缓 说道 那 时候 我们 还 可以 投降,2020-03-03 22:50:00,2,0,8,__label__negative,0.06756000000000001,0.4149100000000001,0.18244,0.4149100000000001,1.0,"病人, 隔离, 生活, 说, 病例","patient, isolation, life, Say, Case"
138,712,__label__negative,新冠,2020-03-03,张 主任 说得对 除了 新冠 病人 其他 病人 也 是 病人 他们 也 会 生病 死亡 的 不能 让 整个 社会 停摆 现在 除 湖北 外 其他 地方 要 恢复正常 生活 让 其他 病人 其他人 得到 良好的 医疗 正常的 生活,2020-03-03 16:15:00,0,0,0,__label__positive,0.80808,0.15204,0.0005099999999999999,0.80808,1.0,"病人, 隔离, 生活, 说, 病例","patient, isolation, life, Say, Case"
139,713,__label__positive,新冠,2020-03-03,武汉 有 十二万 人 日均 步数 过万 封城 四十天 有 十二万 人 日均 步数 过万 一月 二十三日 武汉 因新冠 肺炎 疫情 第一次 关上 大门 在 湖北 被 隔离 的 四十天 里 六 三万名 公安民警 五 六 万名 辅警 逆行 于 荆楚 大地 不分 警种 和 岗位 坚守 在 抗疫 一线 视频 来源 湖北省公安厅 l 澎湃 新闻 的 微博 视频 ​ ​,2020-03-03 22:50:00,0,0,0,__label__positive,0.76066,0.05836,0.05666,0.76066,2.0,"伊朗, 二月, 隔离, 医院, 感染","Iran, February, isolation, hospital, infection"
140,733,__label__negative,新冠,2020-03-03,新冠 肺炎 全球 风险 级别 调 为 非常 高 帮助 在 西班牙 的 孩子 申请 停课 吧 这个 是 vanguardia 报纸 做 的 调查 大家 可以 拉到 最 下面 有个 投票 按下 si 再 按 红色 按钮 votar 支持 西班牙 暂停 各种 活动 和 停课 o l 麦德林 女孩 的 微博 视频,2020-03-03 22:50:00,0,0,0,__label__negative,0.04887,0.73107,0.011,0.73107,4.0,"美国, 病毒, 武汉, 疫苗, 零","United States, virus, Wuhan, vaccine, zero"
141,738,__label__positive,新冠,2020-03-03,主播 说 联播 隔离 不分 内外 一视同仁 这 几天 有些 省 增加 了 输入 性 病例 当下 新冠 肺炎 疫情 已 蔓延到 七十多个 国家 中国 之外 的 确诊 病例 数已 突破 一万 韩国 意大利 伊朗 等国 形势 尤其 严峻 据 我们 的 防控 经验 加强 隔离 是 可行的 办法 隔离 不分 内外 也 不会 区别对待 更 不会 有 例外 只有 一视同仁 和 严格执行 ​ ,2020-03-03 22:50:00,0,0,0,__label__positive,0.7663,0.11921,0.10972,0.7663,1.0,"病人, 隔离, 生活, 说, 病例","patient, isolation, life, Say, Case"
142,741,__label__negative,新冠,2020-03-03,国际奥委会 全力支持 东京 奥运会 举办 鼓励 所有 运动员 继续 做 准备 当地 时间 三日 国际奥委会 在 瑞士 洛桑 召开 执行 委员会 会上 听取 了 有关 新冠 病毒 情况 的 报告 执委会 表示 将 全力支持 东京 奥运会 在 今年 七月 二十四日 至 八月 九日 期间 举办 据 了解 国际奥委会 东京 奥组委 东京 日本政府 及 世卫 组织 于 二月 中旬 成立 ​ ,2020-03-03 22:50:00,2,2,7,__label__negative,0.00233,0.90193,0.16028,0.90193,2.0,"伊朗, 二月, 隔离, 医院, 感染","Iran, February, isolation, hospital, infection"
143,760,__label__positive,新冠,2020-03-03,伊朗 版 火神 山 医院 开建 革命 卫队 地面部队 进入 警戒 状态 据 澎湃 新闻 伊朗 多个 城市 开建 专用 于 收治 新冠 病毒感染者 的 传染病 医院 在 伊朗 中部 城市 亚兹德 政府 承诺 将 在 数日 内 建成 一所 占地 一 千平方米 的 医院 在 疫情 最先 爆发 的 圣城 库姆 伊朗 伊斯兰 革命 卫队 也 建起 了 一所 野战医院 专门 收治 新冠 肺炎 病人 ​ ,2020-03-03 22:50:00,0,0,0,__label__positive,0.5000100000000001,0.31406,0.00972,0.5000100000000001,2.0,"伊朗, 二月, 隔离, 医院, 感染","Iran, February, isolation, hospital, infection"
144,765,__label__negative,新冠,2020-03-03,笑 知道 她 的 木香 那年 香 想法 后 笑了笑 说 本校 的 初中生 在 升学考试 时有 一定 优势 本校 对于 自己 学校 的 学生 分数线 要求 很 低 　 　 也就是说 那些 整天 不爱 学习 的 韩国 累计 确诊 四千 三百 三十五 例新冠 肺炎,2020-03-03 22:50:00,0,0,0,__label__negative,0.00611,0.98595,0.01497,0.98595,1.0,"病人, 隔离, 生活, 说, 病例","patient, isolation, life, Say, Case"
145,777,__label__negative,新冠,2020-03-03,哈哈哈,2020-03-03 17:05:00,0,0,0,__label__negative,1e-05,0.9993,1e-05,0.9993,3.0,"确诊, 病例, 累计, 三日, 新增","Confirmed diagnosis, Case, Grand total, Three days, New"
146,779,__label__negative,新冠,2020-03-03, 疫苗 新型 冠状病毒 我 觉得 这新冠 疫苗 上 人体 试验 的 截图 很 有 可能 是 真的 但 官方 不会 报道 因为 动物 实验 很 可能 还 没做 完 在 目前 紧张的 局势 下 疫苗 的 人体 试验 和 动物 试验 同步 开展 这种 可能性 无法 排除,2020-03-03 22:18:00,33,19,57,__label__positive,0.43016,0.3346,0.19684,0.43016,4.0,"美国, 病毒, 武汉, 疫苗, 零","United States, virus, Wuhan, vaccine, zero"
147,785,__label__neutral,新冠,2020-03-03,肖战 的 粉丝 圈 战力 如此 强劲 如果 可以 转变成 帝 吧 这样 的 存在 就 好 啦 那么 肖战 绝对 就 从 当红 鲜肉 一跃 成为 国民 英雄 了 最近 因为 新冠 肺炎 世界 排华 浪潮 又 有 抬头 的 趋势 肖战 的 粉丝 们 真心 可以 把 我们 发生 的 那么 多 的 暖 心 故事 翻译 出来 放到 外 网 刷屏 去 肖战 必火 而且 成为 正 ​ ,2020-03-03 22:49:00,0,0,6,__label__neutral,0.08037000000000001,0.0117,0.8222,0.8222,4.0,"美国, 病毒, 武汉, 疫苗, 零","United States, virus, Wuhan, vaccine, zero"
148,786,__label__neutral,新冠,2020-03-03,川普 没有 人比 我 更 了解 新冠 病毒,2020-03-03 22:45:00,0,0,0,__label__neutral,0.0065,1e-05,0.9951,0.9951,1.0,"病人, 隔离, 生活, 说, 病例","patient, isolation, life, Say, Case"
149,789,__label__neutral,新冠,2020-03-03,日本 国内 新冠 感染者 增至 九百九十九 人 大分 县 确诊 首例 日本 国内 三日 新 确诊 十九人 感染 新型 冠状病毒 包括 游轮 钻石 公主 号 乘客 和 船员 在内 的 感染者 累计 增至 九百九十九 人 大分 县 确诊 首个 病例,2020-03-03 08:32:00,0,0,0,__label__neutral,1e-05,0.02097,0.99888,0.99888,3.0,"确诊, 病例, 累计, 三日, 新增","Confirmed diagnosis, Case, Grand total, Three days, New"
150,793,__label__neutral,新冠,2020-03-03,主播 说 联播 隔离 不分 内外 一视同仁 这 几天 有些 省 增加 了 输入 性 病例 当下 新冠 肺炎 疫情 已 蔓延到 七十多个 国家 中国 之外 的 确诊 病例 数已 突破 一万 韩国 意大利 伊朗 等国 形势 尤其 严峻 据 我们 的 防控 经验 加强 隔离 是 可行的 办法 隔离 不分 内外 也 不会 区别对待 更 不会 有 例外 只有 一视同仁 和 严格执行 ​ ,2020-03-03 22:49:00,0,0,0,__label__positive,0.7663,0.11921,0.10972,0.7663,1.0,"病人, 隔离, 生活, 说, 病例","patient, isolation, life, Say, Case"
151,795,__label__neutral,新冠,2020-03-03,谣传 花岗岩 可以 防病毒 日本 二手 平台 卖出 天价 石头 据 日媒 报道 新冠 疫情 爆发 以来 网上 流传 着 花岗岩 可以 杀菌 预防 新冠 肺炎 的 谣言 导致 花岗岩 在 日本 二手交易 平台 上 热销 一块 石头 最高 售价 达到 一万二千 日元 约合 人民币 七 百八十 元 但 实际上 这种 说法 毫无 科学依据 日本 疫情 ​ ,2020-03-03 22:49:00,0,1,0,__label__neutral,0.016919999999999998,0.00972,0.99266,0.99266,0.0,"病毒, 美国, 日本, 三月, 花岗岩","virus, United States, Japan, March, granite"
152,801,__label__negative,新冠,2020-03-03,美国 财长 努钦 如果 因新冠 肺炎 疫情 问题 导致 需要 对 美国 采取 刺激 措施 基建 将 是 首要 的 选项 日本 国内 新冠 感染者 增至 九百九十九 人 大分 县 确诊 首例 日本 国内 三日 新 确诊 十九人 感染 新型 冠状病毒 包括 游轮 钻石 公主 号 乘客 和 船员 在内 的 感染者 累计 增至 九百九十九 人 大分 县 确诊 首个 病例,2020-03-03 08:32:00,0,0,0,__label__neutral,0.00859,0.04604,0.86705,0.86705,3.0,"确诊, 病例, 累计, 三日, 新增","Confirmed diagnosis, Case, Grand total, Three days, New"
153,803,__label__neutral,新冠,2020-03-03,一 德国 邮轮 遭 隔离 船上 有 一千二百名 乘客 据 彭博社 刚刚 报道 两名 乘客 在 接受 新冠 病毒检测 后 一艘 搭载 一千二百名 乘客 的 德国 邮轮 在 挪威海 于格 松港 遭 隔离 德国 游轮 在 挪威 港口 被 隔离 中国日报 网,2020-03-03 22:49:00,0,0,3,__label__neutral,0.00129,0.00114,1.00001,1.00001,2.0,"伊朗, 二月, 隔离, 医院, 感染","Iran, February, isolation, hospital, infection"
154,804,__label__positive,新冠,2020-03-03,伊朗 版 火神 山 医院 开建 革命 卫队 地面部队 进入 警戒 状态 近日 伊朗 多个 城市 开建 专用 于 收治 新冠 病毒感染者 的 传染病 医院 在 伊朗 中部 城市 亚兹德 政府 承诺 将 在 数日 内 建成 一所 占地 一 千平方米 的 医院 在 疫情 最先 爆发 的 圣城 库姆 伊朗 伊斯兰 革命 卫队 也 建起 了 一所 野战医院 专门 收治 新冠 肺炎 病人 澎湃 ​ ,2020-03-03 22:49:00,0,0,0,__label__positive,0.56219,0.26895,0.00914,0.56219,2.0,"伊朗, 二月, 隔离, 医院, 感染","Iran, February, isolation, hospital, infection"
155,809,__label__positive,新冠,2020-03-03,东莞市 申报 纳入 新冠 肺炎 疫情 防控 重点 保障 企业 的 通知 二 东莞,2020-03-03 22:49:00,0,0,0,__label__positive,1.00001,1e-05,1e-05,1.00001,4.0,"美国, 病毒, 武汉, 疫苗, 零","United States, virus, Wuhan, vaccine, zero"
156,811,__label__positive,新冠,2020-03-03,东莞市 申报 纳入 新冠 肺炎 疫情 防控 重点 保障 企业 的 通知 二 东莞,2020-03-03 22:49:00,0,0,0,__label__positive,1.00001,1e-05,1e-05,1.00001,4.0,"美国, 病毒, 武汉, 疫苗, 零","United States, virus, Wuhan, vaccine, zero"
157,816,__label__negative,新冠,2020-03-03,张 主任 说得对 除了 新冠 病人 其他 病人 也 是 病人 他们 也 会 生病 死亡 的 不能 让 整个 社会 停摆 现在 除 湖北 外 其他 地方 要 恢复正常 生活 让 其他 病人 其他人 得到 良好的 医疗 正常的 生活,2020-03-03 16:15:00,0,0,0,__label__positive,0.80808,0.15204,0.0005099999999999999,0.80808,1.0,"病人, 隔离, 生活, 说, 病例","patient, isolation, life, Say, Case"
158,825,__label__negative,新冠,2020-03-03,荷兰 新增 新冠 肺炎 感染 病例 六例 确诊 总 人数 为 二十四 人 几乎 所有 确诊 患者 都 有 意大利 北部 旅行 史 或者 于 之前 的 确诊 病例 接触 史 o,2020-03-03 22:49:00,0,0,0,__label__neutral,0.06955,0.05836,0.62247,0.62247,3.0,"确诊, 病例, 累计, 三日, 新增","Confirmed diagnosis, Case, Grand total, Three days, New"
159,828,__label__neutral,新冠,2020-03-03,快讯 一艘 德国 邮轮 遭 隔离 船上 有 一千二百名 乘客 据 彭博社 刚刚 报道 两名 乘客 在 接受 新冠 病毒检测 后 一艘 搭载 一千二百名 乘客 的 德国 邮轮 在 挪威海 于格 松港 遭 隔离 ​ ​,2020-03-03 22:49:00,0,0,0,__label__neutral,0.00043,0.00066,1.00001,1.00001,2.0,"伊朗, 二月, 隔离, 医院, 感染","Iran, February, isolation, hospital, infection"
160,830,__label__positive,新冠,2020-03-03,达美航空公司 是 美国 第三 大 航空公司 上周 该股 跌 约 二十 ％ 周一 反弹 二 二十三 在 上个月 二十四日 巴菲特 接受 了 cnbc 采访 中 表示 对 航空 股 整体 下注 但 不会 全额 收购 他 表示 我们 在 航空 业务 上 有 一大笔 投资 但 我 听说 有 很多的 航班 被 取消 了 因为 新冠 肺炎 疫情 这些 航班 会 被 取消 更长 的 时间 但 如果 你 拥有 航空公司 一 ​ ,2020-03-03 22:49:00,0,0,0,__label__positive,0.99554,0.0067,0.00339,0.99554,0.0,"病毒, 美国, 日本, 三月, 花岗岩","virus, United States, Japan, March, granite"
161,832,__label__positive,新冠,2020-03-03,达美航空公司 是 美国 第三 大 航空公司 上周 该股 跌 约 二十 ％ 周一 反弹 二 二十三 在 上个月 二十四日 巴菲特 接受 了 cnbc 采访 中 表示 对 航空 股 整体 下注 但 不会 全额 收购 他 表示 我们 在 航空 业务 上 有 一大笔 投资 但 我 听说 有 很多的 航班 被 取消 了 因为 新冠 肺炎 疫情 这些 航班 会 被 取消 更长 的 时间 但 如果 你 拥有 航空公司 一 ​ ,2020-03-03 22:49:00,0,0,0,__label__positive,0.99554,0.0067,0.00339,0.99554,0.0,"病毒, 美国, 日本, 三月, 花岗岩","virus, United States, Japan, March, granite"
